file,PGFPlotsEdt-deploy,PGFPlotsEdt,Overleaf,LaTeXOnline
0,1.2452516555786133,1.5648260116577148,1.0078561305999756,1.4537146091461182
1,0.3689439296722412,0.4043850898742676,1.0568435192108154,1.4554011821746826
2,0.3682088851928711,0.3962018489837646,0.953904151916504,1.41225004196167
3,0.3683345317840576,0.4026546478271484,0.9354922771453856,1.4020280838012695
4,1.2844123840332031,1.3428874015808103,1.843780279159546,1.5369620323181152
5,1.2340757846832275,1.2761297225952148,1.7040536403656006,1.4124789237976074
6,1.284043788909912,1.2970848083496094,1.00243878364563,1.485316514968872
7,0.4188637733459472,0.4487597942352295,1.7879838943481443,1.5379819869995115
8,0.4186286926269531,0.4695701599121094,1.8407230377197263,1.561537504196167
9,0.0,0.0,0.0,0.0
10,0.0,0.0,0.0,0.0
11,1.1841449737548828,1.2632818222045898,1.6578466892242432,1.4135088920593262
12,0.368565559387207,1.2586009502410889,0.959681749343872,1.4075870513916016
13,0.0,0.0,0.0,0.0
14,3.6249794960021977,3.703747272491455,8.20108437538147,7.906826496124268
15,3.824992656707764,3.752685785293579,4.249207019805908,8.042670011520386
16,1.671308517456055,1.7002851963043213,2.255995750427246,3.998835802078247
17,0.3685534000396728,0.3963534832000732,0.9431378841400146,1.388946533203125
18,0.4727203845977783,0.4959397315979004,1.824063777923584,1.5764477252960205
19,0.4691956043243408,0.4613769054412842,1.004082202911377,1.52455472946167
20,0.3684990406036377,0.3934798240661621,1.6477601528167725,1.3940825462341309
21,0.4187273979187011,0.4084634780883789,0.9749441146850586,1.4437055587768557
22,0.3685574531555176,0.4079437255859375,0.954500675201416,1.4365112781524658
23,0.4184818267822265,0.438704252243042,0.98528790473938,1.4822883605957031
24,0.3682758808135986,0.4019489288330078,0.9826724529266356,1.4381122589111328
25,0.368466854095459,0.4073531627655029,0.9866061210632324,1.4467675685882568
26,0.3684258460998535,0.4105784893035888,0.9739809036254884,1.4167494773864746
27,0.3681941032409668,0.3950300216674804,0.9498372077941896,1.4175233840942385
28,0.418346643447876,0.4399280548095703,0.9842987060546876,1.4732303619384766
29,0.4182677268981933,0.441802978515625,0.9769041538238524,1.4839098453521729
30,0.4230909347534179,1.3005616664886477,1.824486494064331,1.483931303024292
31,0.0,0.0,0.0,0.0
32,0.0,0.0,0.0,0.0
33,0.0,0.0,0.0,0.0
34,0.0,0.0,0.0,0.0
35,0.0,0.0,0.0,0.0
36,0.0,0.0,0.0,0.0
37,0.0,0.0,0.0,0.0
38,0.0,0.0,0.0,0.0
39,0.0,0.0,0.0,0.0
40,0.0,0.0,0.0,0.0
41,0.0,0.0,0.0,0.0
42,0.0,0.0,0.0,0.0
43,0.0,0.0,0.0,0.0
44,0.4187157154083252,0.4538099765777588,1.7727041244506836,1.5326800346374512
45,0.4183831214904785,0.4444408416748047,1.0116760730743408,1.481672763824463
46,0.4187567234039306,0.4505891799926758,1.009896755218506,1.5202302932739258
47,0.4688062667846679,0.4797704219818115,1.042381763458252,1.5789132118225098
48,0.4689512252807617,0.4947402477264404,1.0438604354858398,1.5565602779388428
49,0.4692201614379883,0.5341460704803467,1.0549509525299072,1.613640546798706
50,0.4185304641723633,0.4767110347747803,0.9860994815826416,1.4965386390686035
51,0.4687559604644775,0.5109834671020508,1.8794264793395996,1.6319360733032229
52,1.5712952613830566,1.599809169769287,4.096059083938599,3.82230281829834
53,0.4186387062072754,0.4112594127655029,0.9471211433410645,1.410630226135254
54,0.3684906959533691,0.4082980155944824,0.9463620185852052,1.4366066455841064
55,0.4184904098510742,0.4138541221618652,0.9534988403320312,1.4336860179901123
56,0.4687807559967041,0.4872639179229736,1.067605972290039,1.5933361053466797
57,0.4187557697296142,0.4405827522277832,1.011601209640503,1.4963393211364746
58,0.419605016708374,0.435889720916748,0.9843063354492188,1.499419927597046
59,0.4690585136413574,0.4852871894836426,1.014030933380127,1.5862579345703125
60,0.418565034866333,0.4313445091247558,1.0161991119384766,1.475799560546875
61,0.4188160896301269,0.4204292297363281,1.0665035247802734,1.4577107429504397
62,0.4189920425415039,0.4234457015991211,0.973947286605835,1.4559111595153809
63,0.418710708618164,0.4239537715911865,0.983551263809204,1.4673137664794922
64,0.4183943271636963,0.4266681671142578,0.9947223663330078,1.4546222686767578
65,0.4186084270477295,0.4346785545349121,0.9949641227722168,1.472323656082153
66,0.4184839725494385,0.4281642436981201,0.9991140365600586,1.4651386737823486
67,0.4184741973876953,0.4228682518005371,1.006387710571289,1.4578540325164795
68,0.4184064865112304,0.4388115406036377,0.9991638660430908,1.4438936710357666
69,0.4185910224914551,0.4215466976165771,0.9870147705078124,1.4598503112792969
70,0.4186944961547851,0.4245526790618896,0.99568772315979,1.4362027645111084
71,0.4184403419494629,0.428586483001709,1.021636962890625,1.4537885189056396
72,0.4183716773986816,0.4220292568206787,0.9775385856628418,1.4617292881011963
73,0.4183070659637451,0.4264819622039795,0.9633638858795166,1.4722497463226318
74,0.4182229042053222,0.4206001758575439,0.9859108924865724,1.4629883766174316
75,0.4185409545898437,0.4133555889129638,0.9618229866027832,1.4482364654541016
76,1.484666109085083,1.52221941947937,1.2376396656036377,1.9287283420562744
77,0.4187202453613281,1.2890381813049316,0.9923427104949952,1.493229866027832
78,0.618729829788208,0.6237702369689941,1.181062936782837,1.868420124053955
79,0.4684953689575195,0.484304666519165,1.0255343914031982,1.5984599590301514
80,0.5689260959625244,0.5603504180908203,1.1184682846069336,1.7677526473999023
81,0.5687675476074219,0.5639331340789795,1.1241848468780518,1.7391846179962158
82,0.5688755512237549,0.5759034156799316,1.9974303245544431,1.763211727142334
83,0.0,0.0,0.0,0.0
84,0.56941819190979,0.5737512111663818,2.0395939350128174,1.749481201171875
85,0.5694255828857422,0.5766580104827881,1.1474239826202393,1.7772588729858398
86,0.5691125392913818,0.5784273147583008,1.1353559494018557,1.766845703125
87,0.4184634685516357,0.415513277053833,0.9838850498199464,1.436845779418945
88,0.4186654090881347,0.4173481464385986,0.9960825443267822,1.4373650550842283
89,0.6189968585968018,0.6320271492004395,1.1625590324401855,1.862190008163452
90,0.4187731742858886,0.4152534008026123,0.9866504669189452,1.4374277591705322
91,0.4186122417449951,0.4205472469329834,0.9878690242767334,1.4430010318756104
92,0.4195833206176758,0.3941991329193115,1.0761675834655762,1.3946785926818848
93,0.0,0.0,0.0,0.0
94,0.569429874420166,0.5383939743041992,1.9416093826293943,1.669973373413086
95,0.0,0.0,0.0,0.0
96,0.4195852279663086,0.4063067436218261,1.7081255912780762,1.412266969680786
97,0.372798204421997,0.3915941715240478,0.9495832920074464,1.405440330505371
98,0.3686964511871338,0.4064631462097168,0.9507415294647216,1.4056472778320312
99,0.3686060905456543,0.3928256034851074,0.9650590419769288,1.3890585899353027
100,0.4190843105316162,0.4186606407165527,0.9870376586914062,1.4666049480438232
101,0.4691710472106933,0.4690895080566406,1.049260139465332,1.5558948516845703
102,1.285877704620361,1.3362095355987549,1.2379717826843262,1.517798900604248
103,0.3686869144439697,1.240588903427124,0.9904484748840332,1.3835766315460205
104,0.368769884109497,0.4093880653381347,0.9662444591522216,1.4227919578552246
105,0.3690128326416015,0.4012284278869629,0.9838171005249025,1.4053449630737305
106,0.3687238693237304,0.3772647380828857,0.9404046535491944,1.3738124370574951
107,0.3689277172088623,0.407078742980957,0.9494833946228028,1.4016060829162598
108,0.2181520462036132,1.1238012313842771,0.8906171321868896,1.1358966827392578
109,0.4689128398895263,1.3408596515655518,1.0419578552246094,1.5308952331542969
110,0.4686727523803711,0.4677913188934326,1.0496020317077637,1.5438191890716553
111,0.4688644409179687,0.4669380187988281,1.0209386348724363,1.5472941398620603
112,0.6194872856140137,0.6447234153747559,1.182710886001587,1.8992817401885984
113,0.6695115566253662,0.6886773109436035,1.2235252857208252,1.976414918899536
114,0.6693198680877686,0.7024095058441162,1.2511396408081057,2.0050485134124756
115,0.6194009780883789,0.6206214427947998,1.2076220512390137,1.8350489139556885
116,0.6193358898162842,0.6246726512908936,1.178325653076172,1.8448164463043213
117,1.9214675426483152,1.9165284633636477,2.47247052192688,4.472693681716919
118,0.5191938877105713,0.5401990413665771,1.086331844329834,1.7057936191558838
119,0.5187859535217285,0.5063872337341309,1.0769648551940918,1.6189541816711426
120,0.4691915512084961,0.5104951858520508,1.0624771118164062,1.611919403076172
121,0.0,0.0,0.0,0.0
122,0.3686752319335937,0.3836205005645752,1.6266052722930908,1.396956443786621
123,0.3688390254974365,0.3844358921051025,0.932056188583374,1.4002041816711426
124,0.4188203811645508,0.4172346591949463,0.9867548942565918,1.4684529304504397
125,0.3685207366943359,0.4032692909240722,0.9715132713317872,1.424259901046753
126,0.518866777420044,0.52150559425354,1.9022703170776367,1.6362314224243164
127,0.3688225746154785,0.402634859085083,1.6725468635559082,1.4108469486236572
128,0.3688302040100097,0.3842380046844482,0.9486713409423828,1.364131212234497
129,1.2850749492645264,1.2779252529144287,1.002042531967163,1.4721214771270752
130,0.4693436622619629,1.3490469455718994,1.0984938144683838,1.596496820449829
131,0.6696650981903076,0.6664083003997803,1.2541401386260986,1.9318947792053225
132,0.5188119411468506,0.5383708477020264,1.1138815879821775,1.677267074584961
133,0.4686775207519531,0.4911911487579345,1.050398826599121,1.5756711959838867
134,0.3685560226440429,0.3977334499359131,1.6807265281677246,1.4013266563415527
135,0.3688290119171142,0.406254768371582,1.650890588760376,1.405383825302124
136,2.1225225925445557,2.146512508392334,5.155645132064819,4.888088226318359
137,0.4694273471832275,0.4998424053192138,1.8584551811218264,1.5724666118621826
138,0.469158411026001,0.5006022453308105,1.0607376098632812,1.5975313186645508
139,0.4686965942382812,0.4793505668640136,1.0296988487243652,1.56666898727417
140,0.4688317775726318,0.4832613468170166,1.037085771560669,1.5836737155914309
141,0.4692966938018799,0.491316556930542,1.045741319656372,1.6028244495391846
142,0.4187583923339844,0.449019193649292,1.0068519115447998,1.511364459991455
143,0.4191136360168457,0.4473958015441894,0.985856294631958,1.508284091949463
144,0.4187512397766113,0.4424717426300049,1.0097644329071045,1.4928874969482422
145,0.0,0.0,0.0,0.0
146,0.0,0.0,0.0,0.0
147,0.0,0.0,0.0,0.0
148,0.0,0.0,0.0,0.0
149,0.5691285133361816,0.5863549709320068,2.055701971054077,1.7523579597473145
150,0.5696065425872803,0.5874490737915039,1.1420276165008545,1.7798800468444824
151,0.5695960521697998,0.5855391025543213,1.148369073867798,1.769538402557373
152,0.5694055557250977,0.5766427516937256,1.1206109523773191,1.7852635383605957
153,0.5687849521636963,0.5913224220275879,1.179914951324463,1.824026107788086
154,0.5691113471984863,0.5919740200042725,1.1481726169586182,1.808081865310669
155,0.56974196434021,0.5981388092041016,1.1329939365386963,1.8238658905029297
156,1.7216548919677734,1.7525599002838137,2.300570487976074,4.104353427886963
157,0.4188199043273926,0.4561595916748047,1.010545253753662,1.5121424198150637
158,0.4685969352722168,0.4612226486206054,1.024501085281372,1.547283411026001
159,0.8695921897888184,0.8746740818023682,2.638047933578491,2.3766276836395264
160,1.3350610733032229,1.380335569381714,1.9399983882904053,1.6620745658874512
161,0.0,0.0,0.0,0.0
162,2.438136339187622,2.5151121616363525,4.073533773422241,3.7975220680236816
163,0.869741678237915,0.8673255443572998,1.5013267993927002,2.490906238555908
164,0.870079755783081,1.7208921909332275,1.405935525894165,2.332502841949463
165,0.3692643642425537,0.3875393867492676,0.9134633541107178,1.3674981594085691
166,0.4190037250518799,0.4231188297271728,0.9773788452148438,1.4524548053741455
167,0.4188790321350097,0.4142088890075683,0.9941868782043456,1.453796625137329
168,0.3688313961029053,0.3991918563842773,0.9454615116119384,1.3881163597106934
169,1.6218688488006592,1.6568446159362793,2.203360795974731,3.958545923233032
170,1.570984125137329,1.6149356365203855,2.141986846923828,3.799458503723145
171,0.5193235874176025,0.5444469451904297,1.1084048748016355,1.7266747951507568
172,0.4190523624420166,0.4599816799163818,1.0200061798095703,1.5723047256469729
173,0.4191908836364746,0.4423468112945556,0.9696459770202636,1.495016098022461
174,0.468759536743164,0.4821269512176513,1.0358502864837646,1.5655300617218018
175,0.4192373752593994,0.4580891132354736,1.0193192958831787,1.5299842357635498
176,0.3686385154724121,0.4010114669799804,0.9830777645111084,1.4256043434143066
177,0.0,0.0,0.0,0.0
178,0.4192171096801758,0.4605805873870849,1.788100004196167,0.0
179,0.3686850070953369,0.4150881767272949,0.9816536903381348,1.428316354751587
180,0.4691982269287109,0.4665553569793701,1.0065252780914309,1.525665521621704
181,1.335022211074829,1.3800952434539795,1.106555700302124,1.6547534465789795
182,0.0,0.0,0.0,0.0
183,0.0,0.0,0.0,0.0
184,0.0,0.0,0.0,0.0
185,1.2349638938903809,1.2828123569488523,0.9934124946594238,1.453533172607422
186,0.4189426898956299,0.4553229808807373,1.0059466361999512,1.5102417469024658
187,0.9702315330505372,0.9846484661102296,1.5429368019104004,2.5896177291870117
188,0.4191277027130127,0.4214167594909668,0.9812753200531006,1.5001633167266846
189,0.4702534675598144,0.457057237625122,1.0113823413848877,1.517531394958496
190,0.4193696975708008,0.4308021068572998,0.985239028930664,1.4774014949798584
191,0.0,0.0,0.0,0.0
192,0.4189991950988769,0.4395344257354736,1.7557780742645264,1.4774901866912842
193,0.4197008609771728,0.4402644634246826,0.987468957901001,1.4556355476379397
194,0.4190001487731933,0.4307286739349365,0.9769537448883056,1.461591720581055
195,0.4190602302551269,0.4248547554016113,0.9659385681152344,1.4628894329071045
196,0.4695262908935547,0.4689536094665527,1.8093605041503904,1.5414535999298096
197,0.4192872047424316,0.447110652923584,1.7870259284973145,1.4757087230682373
198,0.4189214706420898,0.4276573657989502,1.0014736652374268,1.4462649822235107
199,0.4189538955688476,1.2673602104187012,0.9760663509368896,1.4427340030670166
200,0.4190008640289306,0.4099361896514892,0.9458816051483154,1.4156944751739502
201,0.4191815853118896,0.4125840663909912,1.6765847206115725,1.4257359504699707
202,0.4195168018341064,0.4133939743041992,0.9612441062927246,1.4346449375152588
203,0.419072151184082,0.4114785194396972,0.954643726348877,1.4662985801696775
204,0.4188876152038574,0.410895824432373,0.9723422527313232,1.4336562156677246
205,1.422137975692749,2.3868825435638428,2.0548906326293945,3.611220359802246
206,0.8701884746551514,1.7331197261810305,1.4553501605987549,2.335259914398194
207,0.4193234443664551,0.4248058795928955,0.9808244705200196,1.4602954387664795
208,0.4689338207244873,0.5090796947479248,1.043104648590088,1.6034338474273682
209,0.4186789989471435,0.4150979518890381,0.9392197132110596,1.4417064189910889
210,0.4188039302825928,0.4395945072174072,0.9976155757904052,1.4673995971679688
211,0.4191205501556396,1.3279900550842283,1.0223524570465088,1.5362255573272705
212,0.52012038230896,1.4122874736785889,1.961852788925171,1.6916422843933103
213,0.7702646255493164,0.7808268070220947,2.4317831993103027,2.16994309425354
214,0.0,2.697338581085205,6.25036358833313,6.003264904022217
215,1.0205721855163574,1.0262353420257568,3.032763957977295,2.668751001358032
216,1.4207918643951416,1.4337193965911863,1.9899086952209473,3.4475622177124023
217,0.7200164794921875,1.686985969543457,1.370838642120361,2.217465400695801
218,0.7201583385467529,1.605294704437256,1.3090770244598389,2.1194286346435547
219,3.174288749694824,3.186621904373169,7.189472675323486,6.970906019210815
220,0.569857120513916,0.589531660079956,2.034177541732788,1.789588212966919
221,0.7697317600250244,0.8210244178771973,1.348416805267334,2.229368209838867
222,2.322991371154785,2.3215324878692627,2.8937859535217285,5.2143754959106445
223,1.4210083484649658,1.430891752243042,1.986135482788086,3.442605972290039
224,1.7214698791503906,1.7069475650787354,4.275957107543945,4.013873338699341
225,1.0701587200164795,1.0740044116973877,3.0429019927978516,2.7407822608947754
226,1.671839475631714,1.701678991317749,2.296741008758545,4.006800651550293
227,0.519218921661377,0.5531647205352783,1.1188948154449463,1.7234809398651123
228,0.4691309928894043,0.4795732498168945,1.0672893524169922,1.5725605487823486
229,0.5696561336517334,0.5709822177886963,1.14961838722229,1.7457897663116455
230,0.6695139408111572,0.7059733867645264,1.249372959136963,2.009049415588379
231,0.5696158409118652,0.5863895416259766,1.1372473239898682,1.7573914527893066
232,0.7194182872772217,0.706902027130127,1.25285005569458,2.014739513397217
233,1.721864938735962,1.736161470413208,2.298736572265625,4.196382522583008
234,2.0222785472869873,2.0677409172058105,2.608999013900757,4.705719470977783
235,3.3754827976226807,3.3847179412841797,3.958563327789306,7.463182210922241
236,5.378016710281372,5.435199737548828,5.930544137954712,11.403751850128174
237,0.4195857048034668,1.3194777965545654,1.0644893646240234,1.4995253086090088
238,0.4195923805236816,0.3986704349517822,0.9528491497039796,1.4337186813354492
239,0.3692481517791748,0.3989174365997314,0.9395928382873536,1.421396017074585
240,0.3694379329681396,1.2613484859466553,0.9492237567901612,1.416514873504639
241,0.3692343235015869,0.3899068832397461,0.9351074695587158,1.3781347274780271
242,0.3692622184753418,0.3895652294158935,0.9582672119140624,1.372530221939087
243,0.3689668178558349,0.3876082897186279,0.9441030025482178,1.4085867404937744
244,0.3691422939300537,0.3907763957977295,0.9566733837127686,1.38287615776062
245,3.374965190887451,4.3344886302948,4.019561767578125,7.457509517669678
246,3.625216245651245,3.656262159347534,4.158740282058716,7.840459585189819
247,0.4694278240203857,1.3126108646392822,1.0167734622955322,1.5224502086639404
248,0.0,0.0,0.0,0.0
249,0.0,0.0,0.0,0.0
250,0.0,0.0,0.0,0.0
251,0.0,0.0,0.0,0.0
252,0.0,0.0,0.0,0.0
253,0.0,0.0,0.0,0.0
254,0.0,0.0,0.0,0.0
255,0.0,0.0,0.0,0.0
256,0.0,0.0,0.0,0.0
257,0.0,0.0,0.0,0.0
258,1.0700578689575195,1.079373121261597,3.030656099319458,2.7509944438934326
259,1.070488214492798,1.084183931350708,1.6329128742218018,2.7596547603607178
260,0.0,0.0,0.0,0.0
261,0.0,0.0,0.0,0.0
262,0.0,0.0,0.0,0.0
263,0.4193930625915527,0.4347755908966064,1.749431610107422,1.473945140838623
264,0.4196922779083252,0.4292693138122558,0.9892218112945556,1.494235277175903
265,0.419497013092041,0.4394431114196777,0.9983677864074708,1.478806972503662
266,0.0,0.0,0.0,0.0
267,0.0,0.0,0.0,0.0
268,0.0,0.0,0.0,0.0
269,0.0,0.0,0.0,0.0
270,0.9703361988067628,0.9534368515014648,2.7913613319396973,2.509485960006714
271,1.1207468509674072,1.147522211074829,1.7235515117645264,2.8793282508850098
272,0.0,0.0,0.0,0.0
273,0.0,0.0,0.0,0.0
274,1.1707406044006348,1.216543436050415,3.2807748317718506,3.001760959625244
275,0.0,0.0,0.0,0.0
276,0.0,0.0,0.0,0.0
277,0.3688454627990722,0.4033675193786621,1.6570990085601809,1.3959107398986816
278,0.3689947128295898,0.410902738571167,0.9737381935119628,1.4145770072937012
279,1.234534740447998,1.2710471153259275,0.9709808826446532,1.4216783046722412
280,0.4696044921875,1.3571770191192627,1.0704514980316162,1.5953588485717771
281,1.6713905334472656,1.704115390777588,2.242555856704712,3.965174674987793
282,4.527851104736328,4.540814399719238,5.116030216217041,9.628926753997805
283,3.675504684448242,3.6491951942443848,4.199260950088501,7.826366424560547
284,12.542312860488892,13.465412855148315,26.10859489440918,25.73921513557434
285,0.4192934036254883,1.3023035526275637,1.7066960334777832,1.4390251636505127
286,0.4691388607025146,0.4678492546081543,0.9966881275177002,1.5200190544128418
287,0.4192495346069336,0.4266541004180908,0.997483730316162,1.4638662338256836
288,0.4698100090026855,0.4741463661193847,1.0331761837005615,1.5474321842193604
289,0.4193177223205566,0.4232769012451172,0.9880833625793456,1.473252296447754
290,0.4189755916595459,0.4427490234375,0.9945223331451416,1.476834774017334
291,0.4693198204040527,0.4667632579803467,0.9833753108978271,1.533311367034912
292,0.4191091060638428,0.4263184070587158,0.9669787883758544,1.4382309913635254
293,0.3690686225891113,0.3935632705688476,0.9353482723236084,1.399965524673462
294,0.3689451217651367,0.3891410827636719,0.9425320625305176,1.3780746459960938
295,0.369922399520874,0.3960251808166504,0.9506371021270752,1.382786750793457
296,0.3691005706787109,0.3979084491729736,0.9590129852294922,1.6000616550445557
297,0.3692042827606201,0.3934059143066406,0.9467191696166992,1.386005401611328
298,0.368854284286499,0.3944699764251709,0.934699296951294,1.412886619567871
299,0.3689074516296386,0.3937313556671142,0.956475019454956,1.3719429969787598
300,0.0,1.851076364517212,4.481114387512207,4.216379642486572
301,0.0,1.5111916065216064,3.860642671585083,3.595146656036377
302,0.0,1.8676798343658447,4.60415244102478,4.3901286125183105
303,0.3693034648895263,0.4061441421508789,0.9780235290527344,1.4555211067199707
304,0.3691442012786865,0.4104621410369873,0.9789109230041504,1.4344255924224854
305,0.3689801692962646,0.4039461612701416,0.955568790435791,1.4231855869293213
306,1.234853744506836,1.2751195430755615,0.9532010555267334,1.4215648174285889
307,0.3689913749694824,0.4101607799530029,0.9709084033966064,1.4324703216552734
308,0.4198310375213623,0.4515912532806396,1.0197274684906006,1.5061407089233398
309,0.4198453426361084,0.4482288360595703,1.00653338432312,1.522688865661621
310,0.4197266101837158,0.4456586837768554,1.003291368484497,1.503662109375
311,0.4191911220550537,0.4373252391815185,1.733348369598389,1.486616134643555
312,0.4709358215332031,0.4578278064727783,1.0243048667907717,1.5061075687408447
313,0.4199337959289551,0.4582326412200928,1.0214946269989014,1.5369446277618408
314,0.4192533493041992,0.4321479797363281,0.9853401184082032,1.4862380027770996
315,0.4192733764648437,0.4063031673431396,0.9968862533569336,1.4380195140838623
316,0.4192867279052734,0.4110598564147949,0.9701974391937256,1.4217376708984375
317,0.3693468570709228,0.4196548461914062,0.991729736328125,1.4538040161132812
318,0.3696308135986328,0.4109799861907959,0.9759762287139891,1.443185806274414
319,0.4191961288452148,0.423081636428833,1.18092942237854,1.4534378051757812
320,0.4192805290222168,0.4175164699554443,0.9757049083709716,1.436047077178955
321,0.3693642616271972,0.3824236392974853,0.9347765445709229,1.3678929805755615
322,0.0,1.956390142440796,4.674703121185303,4.453312397003174
323,0.4692494869232178,0.4735562801361084,1.037032127380371,1.547743320465088
324,0.0,2.000844955444336,4.7076239585876465,4.418572187423706
325,0.0,3.2825963497161865,7.439299821853638,7.191106557846069
326,0.0,3.3534302711486816,7.460015535354614,7.253663778305054
327,0.3691153526306152,0.3872077465057373,1.654080867767334,1.3670766353607178
328,0.3691675662994385,0.3940625190734863,0.9642219543457032,1.3975830078125
329,0.3690104484558105,0.393024206161499,0.9428770542144777,1.367142915725708
330,0.3691275119781494,0.3906369209289551,0.9588072299957277,1.3932805061340332
331,0.3691933155059814,0.3889617919921875,0.9375777244567872,1.3882052898406982
332,0.3694071769714355,1.2896504402160645,0.9867970943450928,1.450840950012207
333,0.3691120147705078,0.4075801372528076,0.9806091785430908,1.453127145767212
334,0.3692095279693603,0.409332275390625,0.9771413803100586,1.4315733909606934
335,0.4197590351104736,0.455348253250122,1.032844066619873,1.5383000373840332
336,1.3709676265716553,1.4133729934692385,1.960888385772705,3.405763864517212
337,1.020334243774414,1.0359957218170166,1.5977258682250977,2.6922857761383057
338,0.3693580627441406,0.4095551967620849,0.9538013935089112,1.4180960655212402
339,0.4196457862854004,0.4284570217132568,0.982717990875244,1.4764926433563232
340,0.4192469120025635,0.4317066669464111,1.0718348026275637,1.4709937572479248
341,0.4195685386657715,0.4301214218139648,1.0373930931091309,1.505662441253662
342,0.4191744327545166,0.4328677654266357,1.0103380680084229,1.460486650466919
343,0.4194896221160888,0.4169251918792724,0.9882996082305908,1.4509859085083008
344,0.4192931652069092,0.4085874557495117,0.9681451320648192,1.4457635879516602
345,0.4192748069763183,0.4229044914245605,0.9857509136199952,1.474111557006836
346,0.3698039054870605,0.4077003002166748,0.9651596546173096,1.4575965404510498
347,0.419234037399292,0.4419846534729004,1.0035462379455566,1.508519172668457
348,0.769848108291626,0.7895376682281494,1.3485841751098633,2.2522990703582764
349,0.4193532466888428,0.4536101818084717,1.0119404792785645,1.5373270511627195
350,0.4192318916320801,0.4185466766357422,0.9551537036895752,1.4764223098754885
351,0.419321060180664,0.4462761878967285,1.026109218597412,1.505556583404541
352,0.4195413589477539,0.4474895000457763,1.0100970268249512,1.5123522281646729
353,0.6697931289672852,0.6897916793823242,2.2543959617614746,1.9512720108032229
354,1.0711445808410645,1.0889737606048584,1.6785762310028076,2.8152337074279785
355,0.6199836730957031,0.6271259784698486,1.182915449142456,1.8575990200042725
356,0.6699163913726807,0.6718323230743408,2.183670997619629,1.9532783031463623
357,0.7703018188476562,0.8063986301422119,1.3794655799865725,2.240746021270752
358,0.920910120010376,0.9523346424102784,1.4991657733917236,2.5083892345428467
359,0.0,0.0,0.0,0.0
360,0.9201116561889648,0.9265990257263184,2.7159810066223145,2.518071413040161
361,0.3694241046905517,1.2425527572631836,0.9278931617736816,1.3929343223571775
362,0.3689324855804443,0.3895339965820312,0.9147634506225586,1.3872923851013184
363,0.3698461055755615,0.3881616592407226,0.9506044387817384,1.4007341861724854
364,0.3697526454925537,0.3968086242675781,0.934068202972412,1.3991825580596924
365,0.3694450855255127,0.3886072635650635,0.9545347690582277,1.3980000019073486
366,0.3698410987854004,0.3906457424163818,0.9205560684204102,1.3896596431732178
367,0.3696718215942383,0.4073717594146728,0.9627153873443604,1.4051134586334229
368,0.3697013854980469,0.3870179653167724,0.9637413024902344,1.4315907955169678
369,0.3697094917297363,0.3913595676422119,0.9460952281951904,1.382716417312622
370,1.2351605892181396,1.268869400024414,0.971566915512085,1.4381465911865234
371,0.3699150085449219,1.2529332637786863,0.9590625762939452,1.394294023513794
372,0.3697438240051269,0.4067916870117187,0.966611385345459,1.406057596206665
373,0.3690011501312256,0.388690710067749,0.9218502044677734,1.3979885578155518
374,0.4192240238189697,0.4356889724731445,0.9808292388916016,1.479217290878296
375,0.4196629524230957,0.4630594253540039,1.190810203552246,1.566387176513672
376,0.4196560382843017,0.4571375846862793,1.024726390838623,1.5260756015777588
377,0.3698105812072754,0.413820743560791,0.9713747501373292,1.427675724029541
378,0.3695521354675293,0.3936054706573486,0.9567739963531494,1.3943092823028564
379,0.3690476417541504,0.3894851207733154,0.93384051322937,1.418445110321045
380,0.3697545528411865,0.3968873023986816,0.9828133583068848,1.408379077911377
381,0.4197258949279785,0.4229907989501953,0.9815192222595216,1.441413402557373
382,0.4211101531982422,0.4064500331878662,0.9602389335632324,1.4276413917541504
383,0.3693122863769531,0.3904430866241455,0.937147617340088,1.3738110065460205
384,0.369105577468872,0.3818485736846924,0.943855047225952,1.3836119174957275
385,0.4192574024200439,0.4199967384338379,0.9929587841033936,1.444826364517212
386,0.0,0.0,0.0,0.0
387,1.572315692901611,1.614022731781006,4.072160482406616,3.876970052719116
388,0.3691015243530273,0.3938496112823486,0.9604957103729248,1.374375343322754
389,0.3696930408477783,0.4075584411621094,0.997527837753296,1.39119553565979
390,0.4198055267333984,0.4644825458526611,1.0280485153198242,1.5181934833526611
391,0.4193038940429687,0.42568039894104,1.007246732711792,1.4550273418426514
392,0.3695228099822998,0.4106037616729736,0.9807629585266112,1.4035530090332031
393,0.3695957660675049,0.4074325561523437,0.9683599472045898,1.4085018634796145
394,0.369485855102539,0.395078182220459,0.9695034027099608,1.4064924716949463
395,0.4195585250854492,0.4487266540527344,1.008735418319702,1.4931557178497314
396,0.3691325187683105,0.4040241241455078,0.9577877521514891,1.4041850566864014
397,0.3692975044250488,0.394939661026001,0.9609715938568116,1.3868122100830078
398,0.469541072845459,0.4646635055541992,1.0063836574554443,1.531529426574707
399,0.5195417404174805,0.5421242713928223,1.0930862426757812,1.6799829006195068
400,0.4193167686462402,0.4580206871032715,0.98919677734375,1.4961185455322266
401,0.5201566219329834,1.397843837738037,1.1142747402191162,1.6563739776611328
402,0.4698319435119629,0.4901719093322754,1.071577787399292,1.590785264968872
403,0.3692600727081299,1.264604091644287,0.9672520160675048,1.4169654846191406
404,0.3692152500152588,0.4043538570404053,0.945409059524536,1.412644386291504
405,0.3698461055755615,0.4086835384368896,0.9645936489105223,1.4208056926727295
406,0.3692340850830078,1.2383394241333008,1.6448211669921875,1.3652732372283936
407,0.4193546772003174,0.4590742588043213,1.804227828979492,1.558593988418579
408,0.4700384140014648,0.5000615119934082,1.9014692306518557,1.619340896606445
409,1.234989881515503,1.3065083026885986,1.0136401653289795,1.5040326118469238
410,0.4191813468933105,0.4321951866149902,1.0106573104858398,1.476468563079834
411,0.6195845603942871,0.6723439693450928,1.238384485244751,1.9230310916900637
412,1.3351845741271973,1.3881888389587402,1.11077618598938,1.6775574684143066
413,0.5703001022338867,1.4544968605041504,1.1705913543701172,1.7940151691436768
414,0.4692797660827636,0.4747202396392822,1.0377013683319092,1.564225196838379
415,0.4692826271057129,0.4927070140838623,1.0683660507202148,1.577383279800415
416,0.4194371700286865,0.4479210376739502,0.9922857284545898,1.491682767868042
417,0.4195208549499511,0.4409539699554443,0.9847252368927002,1.485579252243042
418,0.420083999633789,0.438403844833374,1.0223538875579834,1.4883713722229004
419,0.5202701091766357,0.5376851558685303,1.1100571155548096,1.690485954284668
420,0.3696565628051758,0.3934583663940429,0.9531891345977784,1.3851122856140137
421,0.4201905727386474,0.4304487705230713,1.723226547241211,1.4563214778900146
422,0.3697075843811035,0.3977675437927246,0.9303102493286132,1.3970355987548828
423,0.3695254325866699,0.412576675415039,0.9700710773468018,1.4240391254425049
424,0.4196126461029053,0.4071955680847168,0.957754135131836,1.42478609085083
425,0.4207265377044678,0.4152932167053222,0.97475266456604,1.4382209777832031
426,0.4194564819335937,0.4198856353759765,0.9670798778533936,1.438774585723877
427,0.3700826168060303,0.3968617916107178,0.959059476852417,1.38366961479187
428,0.4198298454284668,0.4561238288879394,0.99381685256958,1.488327980041504
429,0.4193167686462402,0.4311292171478271,0.9843959808349608,1.4549567699432373
430,0.3697738647460937,0.3881070613861084,0.9445123672485352,1.3895459175109863
431,0.3690934181213379,0.3931100368499756,0.9354095458984376,1.3929686546325684
432,0.4192719459533691,0.4513933658599853,1.7708425521850586,1.503009796142578
433,1.8222556114196775,1.8490607738494873,4.522326946258545,4.25130033493042
434,0.4195327758789062,0.4037363529205322,0.9550955295562744,1.402707576751709
435,0.3703360557556152,0.4052443504333496,0.9720489978790284,1.407130479812622
436,1.7220063209533691,1.756157159805298,2.321543455123902,4.082714796066284
437,1.8225786685943604,1.855344295501709,2.4119784832000732,4.294318914413452
438,0.4194002151489258,0.4173488616943359,0.9728126525878906,1.415174961090088
439,0.4194154739379883,0.4607923030853271,1.0142881870269775,1.5075714588165283
440,0.4194898605346679,0.4251995086669922,0.9753108024597168,1.4409973621368408
441,0.4197738170623779,0.432713508605957,1.001657009124756,1.4902737140655518
442,0.4694647789001465,0.5119967460632324,1.039640188217163,1.626204013824463
443,0.469923734664917,0.4747357368469238,1.0263800621032717,1.567680835723877
444,0.4200756549835205,0.4435937404632568,1.0064427852630615,1.4676971435546875
445,0.4198935031890869,0.427173376083374,0.9832313060760498,1.456427812576294
446,0.419755220413208,0.4668130874633789,1.0265288352966309,1.5038409233093262
447,0.0,0.0,0.0,0.0
448,0.6196444034576416,0.6393346786499023,2.1532390117645264,1.895962476730347
449,0.0,0.0,0.0,0.0
450,0.0,0.0,0.0,0.0
451,0.6696856021881104,0.6666684150695801,2.2070305347442627,1.948911190032959
452,0.420194149017334,0.4199094772338867,0.9742841720581056,1.4466617107391355
453,0.4193971157073974,0.4382784366607666,0.9976236820220948,1.4982352256774902
454,0.4202115535736084,0.4413144588470459,0.9911141395568848,1.4601364135742188
455,0.4202330112457275,0.4329309463500976,0.989459991455078,1.4831116199493408
456,0.3698651790618896,0.3911623954772949,0.9386866092681884,1.3597040176391602
457,0.4196798801422119,0.4521012306213379,1.949506759643555,1.478135108947754
458,1.2360267639160156,1.3244657516479492,1.8797128200531008,1.5128233432769775
459,0.4695229530334472,0.4759104251861572,1.0393989086151123,1.5400564670562744
460,1.3368771076202393,1.316070318222046,1.0054941177368164,1.5276191234588623
461,0.4701800346374511,0.4754915237426758,1.2129294872283936,1.5574836730957031
462,0.4696793556213379,0.4936709403991699,1.0716686248779297,1.5820000171661377
463,0.570246696472168,0.5731377601623535,2.0644123554229736,1.758588790893555
464,0.4196898937225342,0.4420826435089111,1.0939486026763916,1.4764671325683594
465,0.4198908805847168,0.4396204948425293,0.9995453357696532,1.4958174228668213
466,0.4200606346130371,0.4512531757354736,1.0250787734985352,1.5299477577209473
467,0.419368028640747,0.4384143352508545,1.0169100761413574,1.48893404006958
468,0.4699463844299316,0.470038890838623,1.817800760269165,1.5735440254211426
469,0.4698328971862793,0.4728717803955078,1.8032753467559817,1.5749881267547607
470,0.4707310199737549,0.4898924827575683,1.835731029510498,1.5598831176757812
471,1.371610403060913,2.262082099914551,1.9625563621520996,3.4438886642456055
472,1.3719563484191897,1.3775992393493652,1.901112079620361,3.3334789276123047
473,1.421717643737793,1.425147533416748,1.998481035232544,3.450232744216919
474,5.3284924030303955,5.386289834976196,5.818832874298096,11.23283076286316
475,5.32969856262207,5.36178994178772,5.872774362564087,11.290910243988035
476,5.378583669662476,5.446054458618164,5.960553169250488,11.599129915237429
477,5.328505516052246,5.366539478302002,5.889349460601807,11.25306272506714
478,0.0,0.0,0.0,0.0
479,17.302835941314697,17.355458736419678,36.19683289527893,35.339749574661255
480,0.4205420017242431,0.4598593711853027,1.0227487087249756,1.5070221424102783
481,0.4201490879058838,0.4604494571685791,0.999924898147583,1.5255529880523682
482,0.5708129405975342,0.594933032989502,2.0760231018066406,1.8034114837646484
483,0.4195301532745361,0.4237589836120605,1.7418992519378662,1.45987868309021
484,0.4194943904876709,0.4398961067199707,1.045583963394165,1.480152606964111
485,0.4195020198822021,0.440103530883789,1.009477138519287,1.483903169631958
486,0.0,2.0634665489196777,4.995967388153076,4.72213339805603
487,0.0,0.9882917404174804,3.0242502689361572,2.587682008743286
488,0.0,1.929089069366455,4.532421350479126,4.270773649215698
489,1.1718461513519287,1.1861822605133057,1.7698843479156494,3.0067739486694336
490,1.7719290256500244,1.82169508934021,2.3698935508728027,4.280618190765381
491,0.0,0.0,0.0,0.0
492,0.0,0.0,0.0,0.0
493,0.0,0.0,0.0,0.0
494,0.4698445796966553,1.3386108875274658,1.874959707260132,1.5982873439788818
495,0.4696369171142578,0.5052168369293213,0.0,0.0
496,0.4202349185943603,0.4147875308990478,1.719315767288208,1.438711404800415
497,0.4197001457214355,0.4092934131622314,0.9843263626098632,1.441298007965088
498,0.3693945407867431,0.4103732109069824,0.9630177021026612,1.4116780757904053
499,0.4193863868713379,0.4035680294036865,0.9651191234588624,1.4263131618499756
500,0.4698030948638916,0.4832794666290283,1.0376522541046145,1.5703086853027344
501,0.4194264411926269,0.4285564422607422,1.766409158706665,1.45997953414917
502,0.4195337295532226,0.4205636978149414,1.0071229934692385,1.4478020668029783
503,0.470329999923706,0.4895772933959961,1.8149592876434328,1.5925087928771973
504,0.4698555469512939,0.4904892444610595,1.064743995666504,1.581779718399048
505,0.4196352958679199,0.447357177734375,1.7839155197143557,1.514002799987793
506,0.0,0.0,0.0,0.0
507,0.6199204921722412,0.6375768184661865,2.154857635498047,1.9199581146240232
508,0.4199364185333252,0.4372179508209228,1.7737395763397217,1.4921422004699707
509,0.4707412719726562,0.4586584568023681,1.803964138031006,1.5367090702056885
510,0.4724118709564209,1.359364032745361,1.8879077434539795,1.640185832977295
511,0.4700028896331787,0.5012249946594238,1.8944177627563477,1.688899278640747
512,0.4199161529541015,1.2722229957580566,1.707174301147461,1.4916512966156006
513,0.4199583530426025,0.4145030975341797,1.7304041385650637,1.4690799713134766
514,0.4202044010162353,0.4129698276519775,1.734250545501709,1.467240571975708
515,0.0,0.0,0.0,0.0
516,0.0,3.1890313625335693,7.141052484512329,6.891798734664917
517,18.90599012374878,18.787850379943848,19.50425171852112,38.70871424674988
518,0.370568037033081,0.3973627090454101,0.960015058517456,1.4784469604492188
519,0.369793176651001,0.4078738689422607,0.9598498344421388,1.451181173324585
520,0.3699381351470947,0.4021260738372803,0.9661929607391356,1.4511332511901855
521,0.4202485084533691,1.270360231399536,0.9825549125671388,1.4761700630187988
522,0.4198856353759765,0.4511678218841553,0.9904558658599854,1.4798870086669922
523,0.4194281101226806,0.4157378673553467,0.9799396991729736,1.5197992324829102
524,0.419680118560791,0.4215350151062011,1.0242643356323242,1.4792191982269287
525,0.3693594932556152,0.4029655456542969,0.9473264217376708,1.4232969284057615
526,0.4201765060424804,0.4286739826202392,0.9815082550048828,1.5011658668518066
527,0.670539379119873,0.6717214584350586,1.5903105735778809,1.981868028640747
528,1.4367756843566897,1.4884190559387207,1.1883902549743652,1.892509937286377
529,0.4199585914611816,1.3039729595184326,1.1919443607330322,1.5707159042358398
530,1.386052131652832,1.3985700607299805,1.101341962814331,1.7332074642181396
531,0.4199130535125732,1.289623498916626,0.9958207607269288,1.4932918548583984
532,0.42018723487854,0.4305982589721679,1.0046403408050537,1.529797077178955
533,0.0,0.0,0.0,0.0
534,0.42043137550354,0.4725129604339599,1.8324718475341797,1.5767412185668943
535,0.4195036888122558,0.4388809204101562,1.0380895137786863,1.525404453277588
536,0.4197654724121094,0.4464101791381836,1.1521368026733398,1.5455000400543213
537,0.4200284481048584,0.4253654479980469,0.9915049076080322,1.5365228652954102
538,0.4205708503723144,0.4123039245605469,0.9963302612304688,1.4699077606201172
539,0.4206399917602539,0.4246869087219238,1.00935697555542,1.4947679042816162
540,0.4204661846160888,0.418370246887207,0.9516656398773192,1.5111417770385742
541,0.420090913772583,0.4234609603881836,0.9829635620117188,1.5051333904266355
542,1.021569013595581,1.9272778034210205,1.610027313232422,2.8089332580566406
543,1.8730909824371336,2.7915823459625244,2.4582390785217285,4.426276445388794
544,0.5202858448028564,1.4019715785980225,1.0868706703186035,1.687182903289795
545,0.4201192855834961,1.285163164138794,1.0297136306762695,1.47780179977417
546,0.3699150085449219,0.4013888835906982,0.9555892944335938,1.4265060424804688
547,0.370225191116333,0.3954179286956787,0.9390425682067872,1.4121136665344238
548,0.3701415061950683,0.3895132541656494,0.9621787071228028,1.4051856994628906
549,0.3695435523986816,0.3934834003448486,0.947995901107788,1.4142906665802002
550,0.4195470809936523,0.4132499694824219,0.9743280410766602,1.4429407119750977
551,0.3694186210632324,0.4039292335510254,0.9495017528533936,1.4483401775360107
552,0.41973876953125,0.4087250232696533,0.9556238651275636,1.4543166160583496
553,0.0,0.0,0.0,0.0
554,0.4700417518615722,0.500389814376831,1.880746841430664,1.6030926704406738
555,0.7204229831695557,0.7147178649902344,1.2830543518066406,2.0476179122924805
556,0.0,0.0,0.0,0.0
557,0.0,0.0,0.0,0.0
558,0.3703494071960449,0.4052097797393799,1.7095270156860352,1.4224085807800293
559,0.4200174808502197,0.425931453704834,0.98775053024292,1.4857311248779297
560,0.3697977066040039,0.4031999111175537,0.9550986289978028,1.4260411262512207
561,0.4198367595672607,0.4156825542449951,0.9883856773376464,1.4552175998687744
562,0.4702699184417724,0.4585649967193603,1.020007848739624,1.5479190349578855
563,1.2355999946594238,1.300487041473389,1.006540298461914,1.517298698425293
564,0.0,1.9928758144378664,3.1131374835968018,2.8859901428222656
565,0.0,1.1226892471313477,3.135540723800659,2.8324952125549316
566,0.0,3.6085774898529057,8.124315977096558,7.893645286560059
567,0.370128870010376,0.3930807113647461,0.9574213027954102,1.4551866054534912
568,0.3705251216888428,0.4043779373168945,0.9775674343109132,1.4467782974243164
569,1.436521291732788,1.4971630573272705,2.195546865463257,1.9511303901672363
570,1.1855521202087402,1.2572765350341797,1.6812961101531982,1.4414141178131104
571,0.3705251216888428,0.3982107639312744,0.9469335079193116,1.45235276222229
572,0.3700892925262451,1.2668001651763916,1.0097222328186035,1.4482929706573486
573,0.4204385280609131,0.4298624992370605,0.9824008941650392,1.4769315719604492
574,0.3707902431488037,0.3728799819946289,0.9224932193756104,1.3768885135650637
575,0.370894193649292,0.3849508762359619,0.956214427947998,1.407123565673828
576,0.3746628761291504,0.3874797821044922,0.9341304302215576,1.4030749797821045
577,0.4206867218017578,0.4387180805206299,0.989281415939331,1.5260260105133057
578,0.4198870658874511,0.44356369972229,0.96722412109375,1.5600059032440186
579,0.4199016094207763,0.4376921653747558,0.960578680038452,1.5600981712341309
580,0.4199893474578857,0.4365439414978027,0.9768459796905518,1.5032413005828855
581,0.4207158088684082,0.4107158184051513,0.9759125709533693,1.445166826248169
582,0.420330286026001,0.4272744655609131,0.9948291778564452,1.4652514457702637
583,0.472944974899292,0.4645111560821533,1.8589818477630615,1.5734405517578125
584,0.0,0.0,0.0,0.0
585,0.3698647022247314,0.3977646827697754,1.6696388721466064,1.4444782733917236
586,0.4199874401092529,0.4142508506774902,0.9764204025268556,1.4591045379638672
587,0.4198567867279053,0.4238040447235107,0.9540688991546632,1.5050160884857178
588,1.186239242553711,1.2666237354278564,0.995192527770996,1.4303646087646484
589,0.370269775390625,1.260697841644287,0.9771418571472168,1.4653503894805908
590,0.3707168102264404,0.3860204219818115,0.9845187664031982,1.3879680633544922
591,0.3708269596099853,0.3946380615234375,0.9566845893859864,1.4391250610351562
592,0.3708467483520508,0.3892154693603515,0.9623034000396729,1.420983076095581
593,0.3704309463500976,0.3977086544036865,0.9574668407440186,1.4089043140411377
594,0.4203207492828369,0.4386806488037109,1.7367665767669678,1.5067453384399414
595,0.3701832294464111,0.3911011219024658,1.6609065532684326,1.3968799114227295
596,0.3700275421142578,0.3906619548797607,0.9760258197784424,1.404249906539917
597,0.3698573112487793,0.3955340385437011,0.969961404800415,1.408926248550415
598,0.4199633598327636,0.4167225360870361,1.0288190841674805,1.492025375366211
599,0.4199967384338379,0.4278855323791504,1.1464793682098389,1.4841587543487549
600,0.370128870010376,0.399695873260498,0.9790589809417723,1.419196844100952
601,0.4709856510162353,0.5053551197052002,1.0813744068145752,1.6521685123443604
602,0.4709694385528564,0.502784013748169,1.066295862197876,1.648410081863403
603,0.4203543663024902,0.4498124122619629,1.777080535888672,1.557301044464111
604,0.3700015544891357,0.3942339420318603,1.6475296020507812,1.425098896026611
605,0.3699018955230713,0.4074642658233642,0.9809629917144777,1.4380512237548828
606,0.4211318492889404,0.4202218055725097,1.1905527114868164,1.5131030082702637
607,0.3711133003234863,0.3945913314819336,0.952040672302246,1.4422032833099363
608,0.3703532218933105,0.4061706066131592,0.9634408950805664,1.436342716217041
609,0.4199721813201904,0.4093797206878662,0.9620325565338136,1.4531302452087402
610,0.4203653335571289,0.4146358966827392,0.9742884635925292,1.4494848251342771
611,0.4207687377929687,0.4080541133880615,0.9652495384216307,1.4497697353363037
612,0.4200751781463623,0.418997049331665,0.962815761566162,1.4911339282989502
613,0.4211030006408691,0.4154398441314697,0.9652488231658936,1.576831340789795
614,0.4708948135375976,0.5080220699310303,1.0783870220184326,1.6597964763641355
615,0.4201583862304687,0.4251315593719482,1.0185363292694092,1.498870611190796
616,0.4208102226257324,0.4209790229797363,0.9779949188232422,1.4947655200958252
617,0.4201197624206543,0.4424805641174316,0.994098424911499,1.4680702686309814
618,0.4200317859649658,0.4288020133972168,0.991974115371704,1.483999490737915
619,0.4199049472808838,0.4650783538818359,1.035041093826294,1.5627427101135254
620,0.4208197593688965,0.4264721870422363,0.9890460968017578,1.495979070663452
621,0.4209024906158447,0.4094054698944092,0.9632391929626464,1.4394450187683103
622,0.3703160285949707,0.4162795543670654,0.9565260410308838,1.449321746826172
623,0.3700039386749267,0.4051084518432617,0.9355027675628662,1.433511734008789
624,0.3698742389678955,0.3880274295806885,0.924088716506958,1.397810697555542
625,0.3699555397033691,0.3892309665679931,0.9535365104675292,1.4199159145355225
626,0.3697385787963867,0.3886325359344482,0.9450893402099608,1.407762050628662
627,1.2358651161193848,1.295685052871704,0.9923248291015624,1.4918100833892822
628,0.3698415756225586,1.2636027336120603,0.9471237659454346,1.4248032569885254
629,0.4208798408508301,0.406447172164917,0.9723341464996338,1.4467744827270508
630,0.6211211681365967,0.626234769821167,1.176959991455078,1.8823862075805664
631,0.3698773384094238,0.3895280361175537,0.949460506439209,1.479339599609375
632,0.370917797088623,0.4046733379364013,0.9770286083221436,1.4424705505371094
633,0.3706657886505127,0.4047017097473144,0.9651522636413574,1.4332680702209473
634,0.3698210716247558,0.3980357646942138,0.9477581977844238,1.401158332824707
635,0.3698015213012695,0.3992402553558349,0.9544193744659424,1.450805902481079
636,0.3706321716308594,0.4010910987854004,0.9476032257080078,1.4235737323760986
637,0.3701190948486328,0.3988199234008789,0.9540207386016846,1.4196500778198242
638,0.7717263698577881,0.7681567668914795,1.339418888092041,2.1589839458465576
639,0.9209280014038086,0.953261137008667,2.7557713985443115,2.5310356616973877
640,0.4707601070404053,0.493290901184082,1.0610017776489258,1.6601991653442385
641,0.4203341007232666,0.4077134132385254,1.6741652488708496,1.4394679069519043
642,0.9216480255126952,0.9500954151153564,2.858706474304199,2.509331226348877
643,0.471097469329834,0.4910769462585449,1.094953536987305,1.6007323265075684
644,0.3705792427062988,0.4052309989929199,1.6877343654632568,1.4481658935546875
645,2.476167917251587,2.504608392715454,5.810852527618408,5.6283204555511475
646,2.4241151809692383,2.467398881912231,3.022632598876953,5.571849346160889
647,0.470139741897583,0.5093810558319092,1.9140346050262451,1.6451337337493896
648,2.6243321895599365,2.6906204223632812,3.218863010406494,6.014364719390869
649,0.4217829704284668,0.4308452606201172,1.7828831672668457,1.5056066513061523
650,0.4202117919921875,0.4257009029388428,0.9947688579559326,1.4889657497406006
651,0.4203879833221435,0.4163675308227539,0.962726354598999,1.6217923164367676
652,0.4203908443450928,0.4118366241455078,0.996896505355835,1.4401328563690186
653,1.236016035079956,1.2923400402069092,1.0222783088684082,1.4370200634002686
654,0.370363712310791,0.3773548603057861,1.7404866218566897,1.4853270053863523
655,0.3704690933227539,0.3873472213745117,1.7719030380249023,1.517951488494873
656,0.3702085018157959,0.3733277320861816,0.9971520900726318,1.4755005836486816
657,0.3702616691589355,0.3716738224029541,1.727950096130371,1.4616634845733645
658,0.0,0.0,0.0,0.0
659,0.3700489997863769,0.3655526638031006,1.716425895690918,1.4376769065856934
660,0.3200781345367431,0.3597638607025146,0.9695639610290528,1.4463093280792236
661,0.3701264858245849,0.3606128692626953,0.978792667388916,1.4315145015716553
662,0.3713040351867676,0.358738899230957,0.9868173599243164,1.4461336135864258
663,0.3201446533203125,0.3559844493865967,0.9914369583129884,1.4266936779022217
664,0.3707461357116699,0.3584442138671875,0.9830384254455566,1.462517499923706
665,0.3703594207763672,0.3734347820281982,1.745253324508667,1.468272686004639
666,0.3702840805053711,0.3589551448822021,0.9766559600830078,1.4350099563598633
667,0.3710198402404785,0.3834402561187744,1.8448405265808103,1.4941208362579346
668,0.3709194660186767,0.3763155937194824,1.738102674484253,1.4733226299285889
669,0.3709099292755127,0.3726098537445068,1.7330307960510254,1.4877912998199463
670,0.3698909282684326,0.3734207153320312,0.984487771987915,1.455331325531006
671,0.371692419052124,0.3784146308898926,1.7344605922698977,1.490670919418335
672,0.3710343837738037,0.3782825469970703,1.7527594566345217,1.4598736763000488
673,0.3720834255218506,0.3794553279876709,1.7410359382629397,1.4670524597167969
674,0.371312141418457,0.3856265544891357,1.7312273979187012,1.469376802444458
675,0.3710584640502929,0.3854057788848877,1.7465691566467283,1.4877769947052002
676,0.3708174228668213,0.3815944194793701,1.7573952674865725,1.4794857501983645
677,0.3708353042602539,0.3594224452972412,0.9947302341461182,1.461914300918579
678,0.3703186511993408,0.3682727813720703,0.9486856460571288,1.441117286682129
679,0.3702425956726074,0.361569881439209,1.0126769542694092,1.4484832286834717
680,0.3702239990234375,0.3793582916259765,1.7876801490783691,1.480487585067749
681,0.371077299118042,0.3844194412231445,1.752255916595459,1.5231428146362305
682,0.3709561824798584,0.3580150604248047,0.9803283214569092,1.440276861190796
683,0.3710036277770996,0.3662691116333008,0.9868080615997314,1.4421448707580566
684,0.3698673248291015,0.3641660213470459,0.9868628978729248,1.4669783115386963
685,0.3703069686889648,0.356090784072876,0.959430694580078,1.481313943862915
686,0.3709204196929931,0.3643572330474853,0.9953649044036864,1.4884157180786133
687,0.370157241821289,0.3615803718566894,0.9885919094085692,1.477250099182129
688,0.370253324508667,0.3899581432342529,1.7188992500305176,1.5208427906036377
689,1.2861640453338623,1.2873494625091553,1.768239974975586,1.4693090915679932
690,1.2359848022460938,1.276327133178711,1.7524869441986084,1.4970965385437012
691,1.2364368438720703,1.2526359558105469,1.742694616317749,1.4415898323059082
692,0.3706870079040527,1.2902233600616455,1.733423948287964,1.5013248920440674
693,0.3707644939422607,0.3655862808227539,0.9876813888549804,1.4785304069519043
694,0.3725323677062988,0.3705639839172363,1.738426923751831,1.4743895530700684
695,0.3705291748046875,0.377629280090332,1.7291836738586426,1.4747979640960691
696,0.3713047504425049,0.3873488903045654,1.7762086391448977,1.5342419147491455
697,0.370755672454834,0.3779878616333008,1.7511441707611084,1.49761962890625
698,0.3715054988861084,0.3754065036773681,1.7440998554229736,1.4726593494415283
699,0.3703598976135254,0.3730394840240478,1.758842706680298,1.4864704608917236
700,0.3707609176635742,0.3689486980438232,1.7369680404663086,1.5018372535705566
701,0.3703353404998779,0.3742573261260986,1.7377943992614746,1.494724988937378
702,0.3202457427978515,1.2505052089691162,1.688706398010254,1.4313678741455078
703,0.371304988861084,1.2616267204284668,0.9866631031036376,1.446699142456055
704,0.3703305721282959,0.3809680938720703,0.9963736534118652,1.4809060096740725
705,0.371234655380249,0.3709213733673095,1.732276439666748,1.4793686866760254
706,0.3702843189239502,0.3710224628448486,1.7133398056030271,1.4797170162200928
707,0.3713693618774414,0.3709194660186767,1.7347793579101562,1.472452163696289
708,0.370215892791748,0.3697509765625,1.7136821746826172,1.463869333267212
709,0.3710908889770508,0.3685853481292724,1.7134079933166504,1.4863274097442627
710,0.3704440593719482,0.3727595806121826,1.7195284366607666,1.4780938625335691
711,0.3704593181610107,0.3886196613311767,1.7457494735717771,1.509300947189331
712,0.3715391159057617,0.3864607810974121,1.743295669555664,1.4974124431610107
713,0.3712942600250244,0.3792324066162109,1.725355625152588,1.4965012073516846
714,0.3706762790679931,0.3850607872009277,1.7514972686767578,1.5077812671661377
715,0.3704111576080322,0.3737621307373047,1.7345430850982666,1.496333360671997
716,0.3719804286956787,0.3686864376068115,0.9944260120391846,1.4669344425201416
717,0.4706399440765381,0.4721231460571289,1.921426773071289,1.6855616569519043
718,0.3703446388244629,0.368288516998291,0.0,0.0
719,0.3715178966522217,0.3644070625305176,1.7346279621124268,1.4531419277191162
720,0.3712637424468994,0.3685777187347412,1.693418025970459,1.447364330291748
721,0.371072769165039,0.3672096729278564,1.7151930332183838,1.426950216293335
722,0.3710536956787109,0.3660440444946289,1.714012861251831,1.4592149257659912
723,0.3712632656097412,0.3630926609039306,1.7283437252044678,1.4505629539489746
724,0.3706414699554443,0.364267349243164,1.708348035812378,1.454755783081055
725,0.3711116313934326,0.367311954498291,1.7083208560943604,1.4803974628448486
726,0.3712782859802246,0.3697667121887207,1.0003046989440918,1.4623355865478516
727,0.3709783554077148,0.3630101680755615,1.0159711837768557,1.4626665115356443
